+79770000001;Алексей
+79770000002;Мария
+79770000003;Дмитрий
+79770000004;Елена
+79770000005;Сергей
+79770000006;Анна
+79770000007;Иван
+79770000008;Ольга
+79770000009;Николай
+79770000010;Татьяна
+79770000011;Павел
+79770000012;Екатерина
+79770000013;Светлана
+79770000014;Андрей
+79770000015;Юлия
+79770000016;Роман
+79770000017;Ксения
+79770000018;Владимир
+79770000019;Маргарита
+79770000020;Максим
+79770000021;Наталья
+79770000022;Константин
+79770000023;Дарья
+79770000024;Григорий
+79770000025;Людмила
+79770000026;Анастасия
+79770000027;Артем
+79770000028;Евгения
+79770000029;Виктор
+79770000030;София
+79770000031;Денис
+79770000032;Вероника
+79770000033;Ярослав
+79770000034;Полина
+79770000035;Федор
+79770000036;Ирина
+79770000037;Александра
+79770000038;Станислав
+79770000039;Тимур
+79770000040;Кирилл
+79770000041;Олеся
+79770000042;Егор
+79770000043;Алёна
+79770000044;Валентин
+79770000045;Инна
+79770000046;Анатолий
+79770000047;Лариса
+79770000048;Тимофей
+79770000049;Зинаида
+79770000050;Станислава
